document_id,source_id,title,source_version,version_reliability,observed_modified_at,observed_size_bytes,read_state,read_ranges,next_read,source_family,intake_status,delta_kind,implementation_state,validation_state,indexed_point_count
doc-c109ee67f3f3,libfile_59d1b537a4a481919e8c0a9ff2f43ba8,entaENGELment_Save_State_2026-09-26.md,UNKNOWN,provisional,2026-09-27T13:37:10.080584Z,28853,READ_COMPLETE,"[{""unit"":""line"",""start"":1,""end"":5},{""unit"":""line"",""start"":6,""end"":115}]",NOT_RECORDED,NOT_RECORDED,"[""DERIVED"",""HOLD""]",NOT_RECORDED,NOT_RECORDED,NOT_RECORDED,3
doc-67acd0f788b8,libfile_d33b5f5f6dc8819192ac2e8c27b638fa,entaENGELment_Research_Radar_2026-09-25.pdf,UNKNOWN,provisional,2026-09-25T06:26:29.755874Z,128737,PARTIAL,"[{""unit"":""line"",""start"":1,""end"":45}]","{""ref_id"":""libfile_d33b5f5f6dc8819192ac2e8c27b638fa"",""mode"":""full"",""start_line"":46,""max_lines"":45,""include_images"":false}",NOT_RECORDED,"[""DERIVED"",""HOLD""]",NOT_RECORDED,NOT_RECORDED,NOT_RECORDED,1
doc-f01460f009f2,libfile_56a3b03daec08191b410a0e836233ffa,entaENGELment_Research_Radar_2026-09-18.pdf,UNKNOWN,provisional,2026-09-18T06:50:18.975814Z,127240,PARTIAL,"[{""unit"":""line"",""start"":1,""end"":45}]","{""ref_id"":""libfile_56a3b03daec08191b410a0e836233ffa"",""mode"":""full"",""start_line"":46,""max_lines"":45,""include_images"":false}",NOT_RECORDED,"[""DERIVED"",""HOLD""]",NOT_RECORDED,NOT_RECORDED,NOT_RECORDED,1
doc-924d99f5c819,libfile_1d4d9931a7648191bccc1d5f10480ac9,Forensische_Genealogie_v2_5.md,UNKNOWN,provisional,2026-09-08T21:33:59.583991Z,101191,READ_COMPLETE,"[{""unit"":""line"",""start"":1,""end"":541}]",NOT_RECORDED,genealogy-audit,"[""DERIVED"",""HOLD""]",new_wording,NOT_RECORDED,NOT_RECORDED,8
doc-a6feed699526,libfile_42a7c9e66a1881918ffd51fd9d1c67a1,Handoff_SOL_v2_5.md,UNKNOWN,provisional,2026-09-08T21:33:59.570569Z,18990,READ_COMPLETE,"[{""unit"":""line"",""start"":1,""end"":67}]",NOT_RECORDED,NOT_RECORDED,"[""DERIVED"",""HOLD""]",NOT_RECORDED,NOT_RECORDED,NOT_RECORDED,3
doc-deb7499ef8a9,libfile_2bb9f1aed62c8191872f30745b2c7f37,ANALYSE_v3_2_entaENGELment_Tiefenanalyse.pdf,UNKNOWN,provisional,2026-09-07T20:59:13.049785Z,216345,READ_COMPLETE,"[{""unit"":""line"",""start"":1,""end"":520}]",NOT_RECORDED,analysis-v3.2-2026-09,"[""DERIVED"",""HOLD""]",no_substantive_delta,NOT_RECORDED,NOT_RECORDED,3
doc-5c468ffe7dc3,libfile_b2dc3370e4f481919d86b429fd375114,ANALYSE_v3_2_entaENGELment_Tiefenanalyse.docx,UNKNOWN,provisional,2026-09-07T20:59:11.303627Z,53446,READ_COMPLETE,"[{""unit"":""line"",""start"":1,""end"":150},{""unit"":""line"",""start"":151,""end"":520}]",NOT_RECORDED,NOT_RECORDED,"[""DERIVED"",""HOLD""]",NOT_RECORDED,NOT_RECORDED,NOT_RECORDED,3
doc-e430d546135a,libfile_4bf87264b5608191a039eaf0beef22b0,entaENGELment_Figma_Core_Loop_Reentry_Package.md,2,version_id,2026-08-16T20:40:00.745720Z,37186,READ_COMPLETE,"[{""unit"":""line"",""start"":1,""end"":150},{""unit"":""line"",""start"":151,""end"":413}]",NOT_RECORDED,core-loop-reentry-package,"[""DERIVED"",""HOLD""]",no_substantive_delta,NOT_RECORDED,NOT_RECORDED,3
doc-aa1fa2ef0dee,libfile_42fc7431491c8191ab4a7c4d0fec3c44,grimm-apparat-crosswalk-v0-1(1).md,UNKNOWN,provisional,2026-07-20T01:58:15.348730Z,21261,READ_COMPLETE,"[{""unit"":""line"",""start"":1,""end"":473}]",NOT_RECORDED,NOT_RECORDED,"[""DERIVED"",""HOLD""]",NOT_RECORDED,NOT_RECORDED,NOT_RECORDED,4
doc-96d2ab1ddffa,libfile_c46968083c90819198e5974d42a64e1f,grimm-apparat-crosswalk-v0-1.md,UNKNOWN,provisional,2026-07-19T23:57:01.437721Z,21261,READ_COMPLETE,"[{""unit"":""line"",""start"":1,""end"":473}]",NOT_RECORDED,NOT_RECORDED,"[""DERIVED"",""HOLD""]",NOT_RECORDED,NOT_RECORDED,NOT_RECORDED,4
doc-1187cadc1fe1,libfile_1f7bff14d460819198646635cfa8c40f,VOID-024_block.yaml,UNKNOWN,provisional,2026-07-25T03:17:08.132708Z,1878,READ_COMPLETE,"[{""unit"":""line"",""start"":1,""end"":35}]",NOT_RECORDED,NOT_RECORDED,"[""RAW"",""HOLD""]",NOT_RECORDED,NOT_RECORDED,NOT_RECORDED,2
doc-f9e3d8fb7322,libfile_aeb1160703788191b7c2342932e5ff84,entaENGELment_Vorschlagsartefakt_2026-07-29.md,UNKNOWN,provisional,2026-07-29T12:31:35.674450Z,21292,READ_COMPLETE,"[{""unit"":""line"",""start"":1,""end"":191}]",NOT_RECORDED,NOT_RECORDED,"[""DERIVED"",""HOLD""]",NOT_RECORDED,NOT_RECORDED,NOT_RECORDED,3
doc-881652917ec5,libfile_ab04752ce32081919e1d7580eb839443,entaENGELment_Save_State_2026-07-25.docx,UNKNOWN,provisional,2026-07-25T03:09:38.049947Z,529085,READ_COMPLETE,"[{""unit"":""line"",""start"":1,""end"":921}]",NOT_RECORDED,save-state-2026-07,"[""DERIVED"",""HOLD""]",no_substantive_delta,NOT_RECORDED,NOT_RECORDED,6
doc-4354923b6fdc,libfile_25a4fcb6435c8191b07328ce137da11a,Synthbiosis_Empatheia_Universalisis_Paper-2.pdf,UNKNOWN,provisional,2026-09-28T16:32:34.190065Z,22364,READ_COMPLETE,"[{""unit"":""line"",""start"":1,""end"":160},{""unit"":""line"",""start"":161,""end"":276}]",NOT_RECORDED,NOT_RECORDED,"[""DERIVED"",""HOLD""]",NOT_RECORDED,NOT_RECORDED,NOT_RECORDED,4
doc-f887c5094928,libfile_ae37fb364b64819193c645dbab6332cf,Synthbiosis_EntaENGELment_Tiefenanalyse_v3_2.pdf,UNKNOWN,provisional,2026-07-31T18:20:29.630513Z,361511,READ_COMPLETE,"[{""unit"":""line"",""start"":1,""end"":949}]",NOT_RECORDED,synthbiosis-legacy-audit-2026-07,"[""DERIVED"",""HOLD""]",new_file,NOT_RECORDED,NOT_RECORDED,3
doc-ad3854ed16c9,libfile_3ded5c1a20f88191a262846c713c7778,Synthbiosis_EntaENGELment_Tiefenanalyse_v3_2.docx,UNKNOWN,provisional,2026-07-31T18:20:30.970576Z,65904,READ_COMPLETE,"[{""unit"":""line"",""start"":1,""end"":949}]",NOT_RECORDED,synthbiosis-legacy-audit-2026-07,"[""DERIVED"",""HOLD""]",new_file,NOT_RECORDED,NOT_RECORDED,3
doc-d04b85f5d800,libfile_ed5126fca498819197fb4c14f86c9522,von_Franz_x_Grimm_Apparat_Spiegelung.md,UNKNOWN,provisional,2026-08-06T16:15:59.753927Z,37109,READ_COMPLETE,"[{""unit"":""line"",""start"":1,""end"":571}]",NOT_RECORDED,grimm-interpretation-membrane,"[""DERIVED"",""HOLD""]",new_operation_candidate,NOT_RECORDED,NOT_RECORDED,3
doc-730332d0630f,libfile_2aecd1b9bccc8191ae3670f3260ec7ba,tesser3takt_monade_annotiert_update_2026-02-06_REVIEWER_SAFE_v3.pdf,UNKNOWN,provisional,2026-07-25T03:27:03.747045Z,350885,READ_COMPLETE,"[{""unit"":""line"",""start"":1,""end"":694}]",NOT_RECORDED,tesser3takt-monade-reviewer-safe,"[""DERIVED"",""HOLD""]",status_drift,NOT_RECORDED,NOT_RECORDED,3
doc-e149e3e2d6cd,libfile_21b3e1df639081919da079b99acd61f3,Synthbiosis_EntaENGELment_lineage_graph.json,UNKNOWN,provisional,2026-07-31T18:20:33.985137Z,2749,READ_COMPLETE,"[{""unit"":""line"",""start"":1,""end"":117}]",NOT_RECORDED,synthbiosis-lineage-graph-2026-07-31,"[""DERIVED"",""HOLD""]",new_file,NOT_RECORDED,NOT_RECORDED,2
doc-c609886edc8d,libfile_bf21a3e6e0b881918f4906cd70372e3b,Synthbiosis_EntaENGELment_lineage_graph(1).json,UNKNOWN,provisional,2026-07-31T21:16:57.324875Z,2749,READ_COMPLETE,"[{""unit"":""line"",""start"":1,""end"":117}]",NOT_RECORDED,synthbiosis-lineage-graph-2026-07-31,"[""DERIVED"",""HOLD""]",new_file,NOT_RECORDED,NOT_RECORDED,2
doc-fb0884b913cf,libfile_967de2743b1c8191bffcf09e9f144860,EntaENGELment_Graphen_Skalen_Uebergangsgrammatik_v0_1(4).pdf,UNKNOWN,provisional,2026-07-24T07:14:48.848077Z,267461,READ_COMPLETE,"[{""unit"":""line"",""start"":1,""end"":555}]",NOT_RECORDED,graph-scale-transition-grammar,"[""DERIVED"",""HOLD""]",new_wording,spec_draft_only,not_executed,3
doc-d783f089a4f6,libfile_1d582c9e64908191869de230f5ed0088,borromean_projection_manifest_v0_1.example.json,1,reliable,2026-08-16T21:55:09.221480Z,3499,READ_COMPLETE,"[{""unit"":""line"",""start"":1,""end"":92}]",NOT_RECORDED,borromean-projection-manifest-v0.1,"[""DERIVED"",""HOLD""]",new_operation_candidate,example_fixture_only,not_executed,3
doc-dbe60ee34b98,libfile_af0d9fcef2908191b26d74b774a43812,grimm_narration_2_save_state_handoff(2).docx,UNKNOWN,provisional,2026-07-15T22:58:13.487680Z,1275270,READ_COMPLETE,"[{""unit"":""line"",""start"":1,""end"":502}]",NOT_RECORDED,grimm-narration-ui-lab-handoff,"[""DERIVED"",""HOLD""]",new_file,reported_prototype_state; repo integration proposed,not_executed_in_this_run,3
doc-580fb8f70dd5,libfile_9fa3b4ecb10c8191b84fd5f69f4df6a3,ASTRA_HOLISTIC_READ_MODEL_v0_1_2026-09-13.md,UNKNOWN,provisional,2026-09-13T21:48:27.305650Z,126000,READ_COMPLETE,"[{""unit"":""line"",""start"":1,""end"":1204}]",NOT_RECORDED,astra-holistic-read-model-v0.1,"[""DERIVED"",""HOLD""]",new_file,reported_historical_review,not_reexecuted,3
doc-efa515bb5e6e,libfile_2c03659865e48191bd63e265c5ed135c,EntaENGELment_Graphen_Skalen_Uebergangsgrammatik_v0_1(3).pdf,UNKNOWN,provisional,2026-06-19T13:24:26.839540Z,267461,READ_COMPLETE,"[{""unit"":""line"",""start"":1,""end"":555}]",NOT_RECORDED,graph-scale-transition-grammar,"[""DERIVED"",""HOLD""]",no_substantive_delta,spec_draft_only,not_executed,3
doc-fb31b6e1848b,libfile_ea808b9f304c8191954bde27d8ea841e,Grimm_Narrativ_2_0_Konzeptpapier(2).docx,UNKNOWN,provisional,2026-06-16T13:30:50.102812Z,45790,READ_COMPLETE,"[{""unit"":""line"",""start"":1,""end"":256}]",NOT_RECORDED,grimm-narrativ-2.0-concept-paper,"[""DERIVED"",""HOLD""]",new_file,concept_only,not_executed,4
doc-edc761de5317,libfile_46f8649e725c8191ac2fb5349f0dcb2d,CHAT_SOLUTION_RECOVERY_RUN_v0_2_DELTA_MERGE.md,UNKNOWN,provisional,2026-07-04T12:50:35.403461Z,13028,READ_COMPLETE,"[{""unit"":""line"",""start"":1,""end"":438}]",NOT_RECORDED,chat-solution-recovery-delta-merge-v0.2,"[""DERIVED"",""HOLD""]",new_file,proposal_only,not_executed,3
doc-3465c34a699f,libfile_61c45da367808191bfe7a2fb3aef0231,grimm_narration_2_save_state_handoff(1).docx,UNKNOWN,provisional,2026-07-08T16:30:58.055313Z,1275270,READ_COMPLETE,"[{""unit"":""line"",""start"":1,""end"":502}]",NOT_RECORDED,grimm-narration-ui-lab-handoff,"[""DERIVED"",""HOLD""]",no_substantive_delta,reported_prototype_state; repo integration proposed,not_executed_in_this_run,3
doc-cedbf5bdbd9a,libfile_a019c35f3d0481919d36d2268d0254f9,grimm_apparat_2_0_save_state_red_team_handover.pdf,UNKNOWN,provisional,2026-07-08T12:30:07.858579Z,272415,READ_COMPLETE,"[{""unit"":""line"",""start"":1,""end"":402}]",NOT_RECORDED,grimm-resonance-keel-v0.2,"[""DERIVED"",""HOLD""]",new_file,proposal_or_reported_state; not verified,not_executed_in_this_run,3
doc-b8febc4435cd,libfile_cac1a31b86f88191a6eec33e1f9a51fa,grimm_apparat_2_0_save_state_red_team_handover.docx,UNKNOWN,provisional,2026-07-08T12:30:10.677395Z,49037,READ_COMPLETE,"[{""unit"":""line"",""start"":1,""end"":401}]",NOT_RECORDED,grimm-resonance-keel-v0.2,"[""DERIVED"",""HOLD""]",new_file,proposal_or_reported_state; not verified,not_executed_in_this_run,3
doc-2e13447b83dd,libfile_c9292aeadbe0819194e0c68d98f8327a,grimm_apparat_2_0_save_state_red_team_handover_mit_kielzeichnung.docx,UNKNOWN,provisional,2026-07-08T12:33:46.412282Z,49406,READ_COMPLETE,"[{""unit"":""line"",""start"":1,""end"":412}]",NOT_RECORDED,grimm-resonance-keel-drawing,"[""DERIVED"",""HOLD""]",new_file,proposal_or_reported_state; not verified,not_executed_in_this_run,3
doc-b4aea3437aea,libfile_dc9ddf81d4608191b3ceadba43e8b5be,grimm_apparat_2_0_save_state_red_team_handover_mit_kielzeichnung-1.docx,UNKNOWN,provisional,2026-07-08T12:43:06.427515Z,49406,READ_COMPLETE,"[{""unit"":""line"",""start"":1,""end"":412}]",NOT_RECORDED,grimm-resonance-keel-drawing,"[""DERIVED"",""HOLD""]",no_substantive_delta,proposal_or_reported_state; not verified,not_executed_in_this_run,3
doc-1fd1cc1bebcb,libfile_5e8a315aac7c8191a3a20c3a0381c045,grimm_apparat_2_0_save_state_red_team_hardened_v0_3.docx,UNKNOWN,provisional,2026-07-08T13:01:57.213325Z,55207,READ_COMPLETE,"[{""unit"":""line"",""start"":1,""end"":575}]",NOT_RECORDED,grimm-resonance-keel-v0.3,"[""DERIVED"",""HOLD""]",new_wording,proposal_or_reported_state; not verified,not_executed_in_this_run,3
doc-c844ce6b73e6,libfile_11c67b5785ac8191ade5bf1c8963725c,grimm_apparat_2_0_save_state_red_team_hardened_v0_3(1).docx,UNKNOWN,provisional,2026-07-08T16:30:54.389396Z,55207,READ_COMPLETE,"[{""unit"":""line"",""start"":1,""end"":575}]",NOT_RECORDED,grimm-resonance-keel-v0.3,"[""DERIVED"",""HOLD""]",no_substantive_delta,proposal_or_reported_state; not verified,not_executed_in_this_run,3
doc-17996c245840,libfile_6f50776ad58c8191891ca2b662be26d1,Samstagsessay_X_zn7u_2026-10-03.md,UNKNOWN,provisional,2026-10-03T09:16:14.382234Z,9755,READ_COMPLETE,"[{""unit"":""line"",""start"":1,""end"":57}]",NOT_RECORDED,samstagsessay-zn7u,"[""DERIVED"",""HOLD""]",new_file,proposal_or_reported_state; not verified,not_executed_in_this_run,3
doc-5ea4f87b177a,libfile_0dcf498e66f0819197ff6eefa36cea65,Chatvergleich_Tunneln_MetaGrammatik_2026-10-03.md,3,reliable,2026-10-03T20:31:18.839175Z,58933,READ_COMPLETE,"[{""unit"":""line"",""start"":1,""end"":485}]",NOT_RECORDED,tunneln-metagrammatik-review,"[""DERIVED"",""HOLD""]",new_wording,proposal_or_reported_state; not verified,not_executed_in_this_run,3
doc-3e90b574e98e,libfile_996e9ad12ba481919796d66d6fa668c9,01_STRAND_MANIFEST_MAERCHEN_SAGA.md,UNKNOWN,provisional,2026-07-30T15:38:26.563783Z,6015,READ_COMPLETE,"[{""unit"":""line"",""start"":1,""end"":197}]",NOT_RECORDED,maerchen-saga-strand,"[""DERIVED"",""HOLD""]",new_operation_candidate,proposal_or_reported_state; not verified,not_executed_in_this_run,2
doc-c4e960d15efe,libfile_4675bd3b42088191b20d87317090fbcc,entaENGELment_save_state_2026-07-08.docx,UNKNOWN,provisional,2026-07-08T15:21:14.935159Z,55584,READ_COMPLETE,"[{""unit"":""line"",""start"":1,""end"":613}]",NOT_RECORDED,entaengelment-save-state-2026-07-08,"[""DERIVED"",""HOLD""]",new_file,proposal_or_reported_state; not verified,not_executed_in_this_run,3
doc-35b2c1624c0b,libfile_1820225abf5c8191a17d31a8424789b0,entaENGELment_save_state_2026-07-08(1).docx,UNKNOWN,provisional,2026-07-08T16:30:56.714338Z,55584,READ_COMPLETE,"[{""unit"":""line"",""start"":1,""end"":613}]",NOT_RECORDED,entaengelment-save-state-2026-07-08,"[""DERIVED"",""HOLD""]",new_file,proposal_or_reported_state; not verified,not_executed_in_this_run,4
doc-a31b781252ec,libfile_8373632a67408191afd0fcd6da4e5bb7,Zwischenzeitliches_Ganzes_tesser3TAKT_entaENGELment_SaveState_v1_2.docx,UNKNOWN,provisional,2026-07-12T00:16:43.834806Z,8720483,READ_COMPLETE,"[{""unit"":""line"",""start"":1,""end"":2840}]",NOT_RECORDED,tesser3takt-zwischenzeitliches-ganzes,"[""DERIVED"",""HOLD""]",new_operation_candidate,unverified,not_executed,4
doc-7133f83b2f3f,libfile_c50022d708fc8191a17ddec304046d30,EntaENGELment_Komplementaritaets_Resonanz_Updatefassung.pdf,UNKNOWN,provisional,2026-07-08T14:29:00.671797Z,635702,READ_COMPLETE,"[{""unit"":""line"",""start"":1,""end"":432}]",NOT_RECORDED,complementarity-resonance-update,"[""DERIVED"",""HOLD""]",new_file,proposal_or_reported_state; not verified,not_executed_in_this_run,3
doc-b93cdeca99c7,libfile_87fa198b2fa88191b140b4c26a9ed1fe,grimm_narration_2_save_state_handoff.docx,UNKNOWN,provisional,2026-07-08T15:07:46.717679Z,1275270,READ_COMPLETE,"[{""unit"":""line"",""start"":1,""end"":502}]",NOT_RECORDED,grimm-narration-ui-lab-handoff,"[""DERIVED"",""HOLD""]",new_file,proposal_or_reported_state; not verified,not_executed_in_this_run,3
doc-339898458b2e,libfile_43e91925f500819192209c52cb42b64c,Grimm_tesser3TAKT_Save_State_2026-07-09.docx,UNKNOWN,provisional,2026-07-09T12:51:53.257950Z,57504,READ_COMPLETE,"[{""unit"":""line"",""start"":1,""end"":876}]",NOT_RECORDED,grimm-tesser3takt-2026-07-09,"[""DERIVED"",""HOLD""]",new_file,proposal_or_reported_state; not verified,not_executed_in_this_run,3
doc-d3f0bcf9a99e,libfile_7867101e444881919053a134220562f8,Lyra_Ausgangsreceipt_und_Drei_Anschlag_Pruefblatt_2026-10-05.md,UNKNOWN,provisional,2026-10-05T17:33:55.067065Z,10327,READ_COMPLETE,"[{""unit"":""line"",""start"":1,""end"":106}]",NOT_RECORDED,lyra-three-pluck-intake,"[""DERIVED"",""HOLD""]",new_file,proposal_or_reported_state; not verified,not_executed_in_this_run,3
doc-f785477e0359,libfile_673691a2e9d88191adfc8f4d11d5f078,Lyra_Ausgangsreceipt_und_Drei_Anschlag_Pruefblatt_2026-10-05_v0.2.md,1,reliable,2026-10-05T18:07:08.966646Z,19540,READ_COMPLETE,"[{""unit"":""line"",""start"":1,""end"":190}]",NOT_RECORDED,lyra-three-pluck-intake,"[""DERIVED"",""HOLD""]",new_version,proposal_or_reported_state; not verified,not_executed_in_this_run,3
doc-000bd0da0f43,libfile_33ed195cfc808191934fcadb6ea4bd39,Lyra_Jazz_POV_S_Stichwortabgleich_2026-10-04.md,UNKNOWN,provisional,2026-10-04T21:15:01.376036Z,17569,READ_COMPLETE,"[{""unit"":""line"",""start"":1,""end"":141}]",NOT_RECORDED,lyra-jazz-pov-keyword-review,"[""DERIVED"",""HOLD""]",new_wording,proposal_or_reported_state; not verified,not_executed_in_this_run,3
doc-a8648093582c,libfile_6ed34e8dcc688191961a2a8f128028b7,Kreuzung_Lyra_Jazz_POV_S_2026-10-05.md,UNKNOWN,provisional,2026-10-04T22:42:45.212729Z,11020,READ_COMPLETE,"[{""unit"":""line"",""start"":1,""end"":110}]",NOT_RECORDED,lyra-jazz-pov-cross-review,"[""DERIVED"",""HOLD""]",new_operation_candidate,proposal_or_reported_state; not verified,not_executed_in_this_run,3
doc-b2eca42c0429,libfile_06d676dca40481918358ed11bd73981f,entaENGELment_SAVE_STATE_2026-10-04.pdf,UNKNOWN,provisional,2026-10-04T19:21:58.541155Z,45304,READ_COMPLETE,"[{""unit"":""line"",""start"":1,""end"":224}]",NOT_RECORDED,reentry-before-promotion-2026-10-04,"[""DERIVED"",""HOLD""]",new_file,proposal_or_reported_state; not verified,not_executed_in_this_run,3
doc-08d6d0bdd379,libfile_cf5070ff22e081919fc98ec7522b93c0,entaENGELment_SaveState_ReEntry_v1.pdf,UNKNOWN,provisional,2026-10-04T19:32:29.901182Z,45304,READ_COMPLETE,"[{""unit"":""line"",""start"":1,""end"":224}]",NOT_RECORDED,reentry-before-promotion-2026-10-04,"[""DERIVED"",""HOLD""]",no_substantive_delta,proposal_or_reported_state; not verified,not_executed_in_this_run,3
doc-5b5aa6695900,libfile_cc08bed2dd98819190d74f23efdce1a0,entaENGELment_SAVE_STATE_2026-10-04.docx,UNKNOWN,provisional,2026-10-04T19:21:56.798199Z,46873,READ_COMPLETE,"[{""unit"":""line"",""start"":1,""end"":242}]",NOT_RECORDED,reentry-before-promotion-2026-10-04,"[""DERIVED"",""HOLD""]",new_file,proposal_or_reported_state; not verified,not_executed_in_this_run,3
doc-d519ca0978da,libfile_dd75883cecec819193f6456b52f960fb,entaENGELment_SaveState_ReEntry_v1.docx,UNKNOWN,provisional,2026-10-04T19:32:28.039619Z,46873,READ_COMPLETE,"[{""unit"":""line"",""start"":1,""end"":242}]",NOT_RECORDED,reentry-before-promotion-2026-10-04,"[""DERIVED"",""HOLD""]",no_substantive_delta,proposal_or_reported_state; not verified,not_executed_in_this_run,3
doc-4ee21fcdcbd8,libfile_4078ebb0e7448191822b7454d7e0f5bd,Zwischenzeitliches_Ganzes_tesser3TAKT_entaENGELment_SaveState_v1_0.docx,UNKNOWN,provisional,2026-07-10T21:40:10.192657Z,731135,PARTIAL,"[{""unit"":""line"",""start"":1,""end"":960}]","{""ref_id"":""libfile_4078ebb0e7448191822b7454d7e0f5bd"",""mode"":""full"",""start_line"":961,""max_lines"":240,""include_images"":false}",tesser3takt-articulated-bulk-v1.0,"[""DERIVED"",""HOLD""]",new_file,proposal_or_handoff_only,UNKNOWN,3
doc-20448581f742,libfile_02eb636ec79881919b6be7b88a8945c5,Zwischenzeitliches_Ganzes_tesser3TAKT_entaENGELment_SaveState_v1_0(2).docx,UNKNOWN,provisional,2026-07-11T14:51:28.460091Z,731135,PARTIAL,"[{""unit"":""line"",""start"":1,""end"":240}]","{""ref_id"":""libfile_02eb636ec79881919b6be7b88a8945c5"",""mode"":""full"",""start_line"":241,""max_lines"":240,""include_images"":false}",tesser3takt-articulated-bulk-v1.0,"[""DERIVED"",""HOLD""]",new_file,proposal_or_handoff_only,UNKNOWN,2
doc-5e9c56267d05,libfile_1e4d41ccd494819191881f1c48585007,Zwischenzeitliches_Ganzes_tesser3TAKT_entaENGELment_SaveState_v1_1.docx,UNKNOWN,provisional,2026-07-11T15:08:34.209135Z,1078088,PARTIAL,"[{""unit"":""line"",""start"":1,""end"":240}]","{""ref_id"":""libfile_1e4d41ccd494819191881f1c48585007"",""mode"":""full"",""start_line"":241,""max_lines"":240,""include_images"":false}",tesser3takt-articulated-bulk-v1.1,"[""DERIVED"",""HOLD""]",new_version,proposal_or_handoff_only,UNKNOWN,2
doc-fbf3221d393a,libfile_c0a0182ff5d48191b997b6358615b951,ANALYSE_PROMPT_v3_2_Strukturmeissel_entaENGELment_2026-07-12.docx,UNKNOWN,provisional,2026-07-12T19:46:29.526077Z,3898088,PARTIAL,"[{""unit"":""line"",""start"":1,""end"":240}]","{""ref_id"":""libfile_c0a0182ff5d48191b997b6358615b951"",""mode"":""full"",""start_line"":241,""max_lines"":240,""include_images"":false}",structure-chisel-analysis-v3.2,"[""DERIVED"",""HOLD""]",new_file,proposal_or_handoff_only,UNKNOWN,3
doc-5bfa6ac2327c,libfile_660c2488e7448191a43a789740419c43,EntaENGELment_Komplementaritaets_Resonanz_Updatefassung(1).pdf,UNKNOWN,provisional,2026-07-15T22:58:03.414012Z,635702,READ_COMPLETE,"[{""unit"":""line"",""start"":1,""end"":432}]",NOT_RECORDED,complementarity-resonance-update,"[""DERIVED"",""HOLD""]",new_file,proposal_or_handoff_only,UNKNOWN,3
doc-88116e5e33d9,libfile_3b7d000a2eb48191836d362f8d10eca2,grimm_apparat_2_0_save_state_red_team_handover(1).docx,UNKNOWN,provisional,2026-07-15T22:58:05.274593Z,49037,READ_COMPLETE,"[{""unit"":""line"",""start"":1,""end"":401}]",NOT_RECORDED,grimm-resonance-keel-v0.2,"[""DERIVED"",""HOLD""]",new_file,proposal_or_handoff_only,UNKNOWN,3
doc-70dde1e94c4e,libfile_8899c14db93481919178084fd14fef6b,EntaENGELment_Komplementaritaets_Resonanz_Updatefassung(1).docx,UNKNOWN,provisional,2026-07-15T22:58:05.447772Z,498513,READ_COMPLETE,"[{""unit"":""line"",""start"":1,""end"":432}]",NOT_RECORDED,complementarity-resonance-update,"[""DERIVED"",""HOLD""]",no_substantive_delta,proposal_or_handoff_only,UNKNOWN,3
doc-bc3631da95a3,libfile_551589d324988191b5f30cb42cc903a6,grimm_apparat_2_0_save_state_red_team_handover_mit_kielzeichnung-1(1).docx,UNKNOWN,provisional,2026-07-15T22:58:05.812739Z,49406,READ_COMPLETE,"[{""unit"":""line"",""start"":1,""end"":412}]",NOT_RECORDED,grimm-resonance-keel-drawing,"[""DERIVED"",""HOLD""]",new_file,proposal_or_handoff_only,UNKNOWN,3
doc-c1f6c9a42d31,libfile_519014c6e66c8191a508023761ef8a72,grimm_apparat_2_0_save_state_red_team_handover(1).pdf,UNKNOWN,provisional,2026-07-15T22:58:05.880939Z,272415,READ_COMPLETE,"[{""unit"":""line"",""start"":1,""end"":402}]",NOT_RECORDED,grimm-resonance-keel-v0.2,"[""DERIVED"",""HOLD""]",new_file,proposal_or_handoff_only,UNKNOWN,3
doc-83c73afd6b00,libfile_a1d5bbd3efb88191a6409f5be7f41c9a,entaENGELment_save_state_2026-07-08(2).docx,UNKNOWN,provisional,2026-07-15T22:58:05.940173Z,55584,READ_COMPLETE,"[{""unit"":""line"",""start"":1,""end"":613}]",NOT_RECORDED,entaengelment-save-state-2026-07-08,"[""DERIVED"",""HOLD""]",new_file,proposal_or_handoff_only,UNKNOWN,3
doc-256c894b475d,libfile_5b21efc5e45c819192515ff52e04ea86,Zwischenzeitliches_Ganzes_tesser3TAKT_entaENGELment_SaveState_v1_0(3).docx,UNKNOWN,provisional,2026-07-15T22:58:07.043484Z,731135,PARTIAL,"[{""unit"":""line"",""start"":1,""end"":240}]","{""ref_id"":""libfile_5b21efc5e45c819192515ff52e04ea86"",""mode"":""full"",""start_line"":241,""max_lines"":240,""include_images"":false}",tesser3takt-articulated-bulk-v1.0,"[""DERIVED"",""HOLD""]",new_file,proposal_or_handoff_only,UNKNOWN,2
doc-d77426927fa1,libfile_ba9e972cd30881919dda08e5db69e9b1,grimm_apparat_2_0_save_state_red_team_hardened_v0_3(2).docx,UNKNOWN,provisional,2026-07-15T22:58:07.506346Z,55207,READ_COMPLETE,"[{""unit"":""line"",""start"":1,""end"":575}]",NOT_RECORDED,grimm-resonance-keel-v0.3,"[""DERIVED"",""HOLD""]",no_substantive_delta,proposal_or_handoff_only,UNKNOWN,3
doc-616cd8b35fe5,libfile_1582eb11dab8819182e4784407dca6d7,Zwischenzeitliches_Ganzes_tesser3TAKT_entaENGELment_SaveState_v1_1(2).docx,UNKNOWN,provisional,2026-07-15T22:58:26.306746Z,1078088,DISCOVERED,NOT_RECORDED,"{""ref_id"":""libfile_1582eb11dab8819182e4784407dca6d7"",""mode"":""full"",""start_line"":1,""max_lines"":240,""include_images"":false}",NOT_RECORDED,NOT_RECORDED,NOT_RECORDED,NOT_RECORDED,NOT_RECORDED,0
doc-952bb22fd67d,libfile_f3ecc4d383cc81919c7774193da7f53f,Zwischenzeitliches_Ganzes_tesser3TAKT_entaENGELment_SaveState_v1_3.docx,UNKNOWN,provisional,2026-07-18T04:08:46.023399Z,76035,DISCOVERED,NOT_RECORDED,NOT_RECORDED,NOT_RECORDED,"[""RAW"",""HOLD""]",NOT_RECORDED,NOT_RECORDED,NOT_RECORDED,0
doc-59c46100ee8c,libfile_e0d3b5b3114c81919543e3a879b71f7b,EntaENGELment_SaveState_Skaleninvarianz_2026-07-15(1).docx,UNKNOWN,provisional,2026-07-20T01:58:19.950679Z,479978,DISCOVERED,NOT_RECORDED,NOT_RECORDED,NOT_RECORDED,"[""RAW"",""HOLD""]",NOT_RECORDED,NOT_RECORDED,NOT_RECORDED,0
doc-31eb564a8cf6,libfile_53155d8efce4819195a0cd52f64a29d1,EntaENGELment_SaveState_Skaleninvarianz_2026-07-15(2).docx,UNKNOWN,provisional,2026-07-20T01:58:19.962282Z,479978,DISCOVERED,NOT_RECORDED,NOT_RECORDED,NOT_RECORDED,"[""RAW"",""HOLD""]",NOT_RECORDED,NOT_RECORDED,NOT_RECORDED,0
doc-2d5ee24da05d,libfile_9439cb94fe68819187a431052217cffa,Zwischenzeitliches_Ganzes_tesser3TAKT_entaENGELment_SaveState_v1_2(1).docx,UNKNOWN,provisional,2026-07-20T01:58:25.764161Z,8720483,DISCOVERED,NOT_RECORDED,NOT_RECORDED,NOT_RECORDED,"[""RAW"",""HOLD""]",NOT_RECORDED,NOT_RECORDED,NOT_RECORDED,0
doc-62ec5dc091e9,libfile_36d1615a42788191b8be65ecf6d171a3,SWITCHBOARD_BAUPLAN_v0_1.md,UNKNOWN,provisional,2026-07-20T02:35:48.963397Z,17279,DISCOVERED,NOT_RECORDED,NOT_RECORDED,NOT_RECORDED,"[""RAW"",""HOLD""]",NOT_RECORDED,NOT_RECORDED,NOT_RECORDED,0
doc-8580b64a01a7,libfile_2f7523a379348191a0c9f4b281854973,enta-switchboard-bauplan.html,UNKNOWN,provisional,2026-07-20T02:35:49.013347Z,28526,DISCOVERED,NOT_RECORDED,NOT_RECORDED,NOT_RECORDED,"[""RAW"",""HOLD""]",NOT_RECORDED,NOT_RECORDED,NOT_RECORDED,0
doc-ccc226e07c29,libfile_650dcac192208191a623d6579594954a,SWITCHBOARD_BAUPLAN_v0_2.md,UNKNOWN,provisional,2026-07-20T03:17:51.601266Z,18349,DISCOVERED,NOT_RECORDED,NOT_RECORDED,NOT_RECORDED,"[""RAW"",""HOLD""]",NOT_RECORDED,NOT_RECORDED,NOT_RECORDED,0
doc-488c3cd86111,libfile_07465d61483c81918582abe76e09f078,entaENGELment_Figma_Core_Loop_Reentry_Package(1).md,UNKNOWN,provisional,2026-08-16T22:28:23.544040Z,38658,DISCOVERED,NOT_RECORDED,NOT_RECORDED,NOT_RECORDED,"[""RAW"",""HOLD""]",NOT_RECORDED,NOT_RECORDED,NOT_RECORDED,0
doc-6df3bd782cba,libfile_ca62bf4f211c8191af6f20eacf783d0c,EntaENGELment_SaveState_Skaleninvarianz_2026-07-15(3).docx,UNKNOWN,provisional,2026-09-10T16:11:23.603854Z,479978,DISCOVERED,NOT_RECORDED,NOT_RECORDED,NOT_RECORDED,"[""RAW"",""HOLD""]",NOT_RECORDED,NOT_RECORDED,NOT_RECORDED,0
doc-cf2291080049,libfile_769894a927dc8191a54a76cbb2accf36,Counterfactual_Genealogy_Report_2026-09-28.md,1,reliable,2026-09-28T10:17:40.527769Z,67288,DISCOVERED,NOT_RECORDED,NOT_RECORDED,NOT_RECORDED,"[""RAW"",""HOLD""]",NOT_RECORDED,NOT_RECORDED,NOT_RECORDED,0
